Title,Company,Location,Category,Salary,Type,Requirements,Job_url,Posted date
AI engineer,Sticker Mule,Worldwide,Software Development,,Full Time,,https://dailyremote.com//remote-job/ai-engineer-2961650,1w
"Manager, Tutoring Data and Analytics",Amplify Education,United States,Software Development,,"Part Time, Full Time",,https://dailyremote.com//remote-job/manager-tutoring-data-and-analytics-2965831,today
AWS Data Engineer (remote),Cognizant Technology Solutions,United States,Software Development,,Full Time,,https://dailyremote.com//remote-job/aws-data-engineer-remote-2965823,today
Systems Administrator (Remote),TSR Solutions,United States,Software Development,,Full Time,,https://dailyremote.com//remote-job/systems-administrator-remote-2965810,today
Integration Engineer Lead (Remote),GovCIO,United States,Software Development,,Part Time,,https://dailyremote.com//remote-job/integration-engineer-lead-remote-2965814,today
Software Engineer II (Remote),Patterson,United States,Software Development,,Full Time,,https://dailyremote.com//remote-job/software-engineer-ii-remote-2965820,today
Developer - PowerOn - Remote,Citadel,United States,Software Development,,Full Time,,https://dailyremote.com//remote-job/developer-power-on-remote-2965802,today
Supplier Quality Engineer I- Remote,California Closets Corporate,United States,Software Development,$75k - 83k USD,Full Time,,https://dailyremote.com//remote-job/supplier-quality-engineer-i-remote-2965785,today
Sr. Cloud Engineering Architect- Remote,L.L.Bean,United States,Software Development,,Full Time,,https://dailyremote.com//remote-job/sr-cloud-engineering-architect-remote-2965797,today
Senior IBM ACE Developer-Remote Opportunity,L.L.Bean,United States,Software Development,,Full Time,,https://dailyremote.com//remote-job/senior-ibm-ace-developer-remote-opportunity-2965796,today
Senior Site Reliability Engineer (Remote) (JO-27),Ledgent Technology,United States,Software Development,$150k - 160k USD,Full Time,,https://dailyremote.com//remote-job/senior-site-reliability-engineer-remote-jo-27-2965780,today
REMOTE Full Stack Software Developer (JO-78),Ledgent Technology,United States,Software Development,$150k - 170k USD,Full Time,,https://dailyremote.com//remote-job/remote-full-stack-software-developer-jo-78-2965789,today
REMOTE QA AUTOMATION ENGINEER,AppleOne,United States,Software Development,$100k - 125k USD,Full Time,,https://dailyremote.com//remote-job/remote-qa-automation-engineer-2965787,today
Remote Sensing Programs - Software Engineering Manager 1,Northrop Grumman,United States,Software Development,$117k - 176k USD,Full Time,,https://dailyremote.com//remote-job/remote-sensing-programs-software-engineering-manager-1-2965781,today
Principal / Sr Principal Engineer Electrical - Hybrid / Remote,Northrop Grumman,United States,Software Development,$95k - 142k USD,Full Time,,https://dailyremote.com//remote-job/principal-sr-principal-engineer-electrical-hybrid-remote-2965779,today
Remote Data Scientist,ASGN Incorporated,United States,Software Development,,Part Time,,https://dailyremote.com//remote-job/remote-data-scientist-2965783,today
Remote AS400/Cobol Developer,ASGN Incorporated,United States,Software Development,,Full Time,,https://dailyremote.com//remote-job/remote-as-400-cobol-developer-2965786,today
Remote Software Engineer,ASGN Incorporated,United States,Software Development,,Full Time,,https://dailyremote.com//remote-job/remote-software-engineer-2965754,today
Software Developer REMOTE,Actalent,United States,Software Development,,Full Time,,https://dailyremote.com//remote-job/software-developer-remote-2965745,today
REMOTE Full Stack Developer,ASGN Incorporated,United States,Software Development,,Full Time,,https://dailyremote.com//remote-job/remote-full-stack-developer-2965778,today
Remote Database Administrator,AppleOne,United States,Software Development,,Full Time,,https://dailyremote.com//remote-job/remote-database-administrator-2965775,today
PHP/Laravel Developer (Remote) (JO-68),Ledgent Technology,United States,Software Development,$95k - 95k USD,Full Time,,https://dailyremote.com//remote-job/php-laravel-developer-remote-jo-68-2965771,today
REMOTE FIRMWARE ENGINEERING MANAGER,AppleOne,United States,Software Development,$120k - 130k USD,Full Time,,https://dailyremote.com//remote-job/remote-firmware-engineering-manager-2965769,today
Data Analyst - SiSense / Tableau - REMOTE (JO-36),Ledgent Technology,United States,Software Development,$65k - 80k USD,Full Time,,https://dailyremote.com//remote-job/data-analyst-si-sense-tableau-remote-jo-36-2965772,today
"(REMOTE) Sr. Business Analyst - Engineering, Maintenance Safety Health and Environment",IT at Nestlé,United States,Software Development,$105k - 128k USD,Full Time,,https://dailyremote.com//remote-job/remote-sr-business-analyst-engineering-maintenance-safety-health-and-environment-2965743,today
Sr. Lead Infrastructure Engineer - Remote,Lumen,United States,Software Development,,Full Time,,https://dailyremote.com//remote-job/sr-lead-infrastructure-engineer-remote-2965724,today
Sr SAP Security and GRC Lead Remote,Lumen,United States,Software Development,,Full Time,,https://dailyremote.com//remote-job/sr-sap-security-and-grc-lead-remote-2965730,today
Remote Senior Full Stack .NET Developer (Angular or React) (JO-07),Ledgent Technology,United States,Software Development,$150k - 180k USD,Full Time,,https://dailyremote.com//remote-job/remote-senior-full-stack-net-developer-angular-or-react-jo-07-2965735,today
Linux Service Manager (US Remote - East Coast),ANSYS,United States,Software Development,,Full Time,,https://dailyremote.com//remote-job/linux-service-manager-us-remote-east-coast-2965744,today
Senior Business Analyst - Salesforce (REMOTE),ANSYS,United States,Software Development,,Full Time,,https://dailyremote.com//remote-job/senior-business-analyst-salesforce-remote-2965739,today
Senior Site Reliability Engineer Remote,ANSYS,United States,Software Development,,Full Time,,https://dailyremote.com//remote-job/senior-site-reliability-engineer-remote-2965740,today
Lead R&D Front End Developer Remote USA,ANSYS,United States,Software Development,,Full Time,,https://dailyremote.com//remote-job/lead-r-d-front-end-developer-remote-usa-2965742,today
Service Delivery Manager (Remote - US),ANSYS,United States,Software Development,,Full Time,,https://dailyremote.com//remote-job/service-delivery-manager-remote-us-2965737,today
"Senior Developer- TIBCO, BPM, JAVA, ANGULAR (Remote)",First Citizens Bank,United States,Software Development,,Full Time,,https://dailyremote.com//remote-job/senior-developer-tibco-bpm-java-angular-remote-2965734,today
VP - Commercial Banking Digital - Technical Lead - Remote,First Citizens Bank,United States,Software Development,,Full Time,,https://dailyremote.com//remote-job/vp-commercial-banking-digital-technical-lead-remote-2965733,today
Full Stack Developer (Remote),United BioSource Corporation.,United States,Software Development,,Full Time,,https://dailyremote.com//remote-job/full-stack-developer-remote-2965710,today
VP Data Services - Remote,East Providence,United States,Software Development,,Full Time,,https://dailyremote.com//remote-job/vp-data-services-remote-2965713,today
VP Data Services - Remote,East Providence,United States,Software Development,,Full Time,,https://dailyremote.com//remote-job/vp-data-services-remote-2965713,today
Application Engineer II- Discovery (Structures)- REMOTE,ANSYS,United States,Software Development,,Full Time,,https://dailyremote.com//remote-job/application-engineer-ii-discovery-structures-remote-2965695,today
Simulation Data Management Engineer- REMOTE,ANSYS,United States,Software Development,,Full Time,,https://dailyremote.com//remote-job/simulation-data-management-engineer-remote-2965696,today
Senior Application Engineer- LS Dyna- REMOTE,ANSYS,United States,Software Development,,Full Time,,https://dailyremote.com//remote-job/senior-application-engineer-ls-dyna-remote-2965700,today
Senior Clinical Data Manager-Remote,Labcorp Drug Development - USA,United States,Software Development,,"Part Time, Full Time",,https://dailyremote.com//remote-job/senior-clinical-data-manager-remote-2965702,today
Statistical Programmer 2 (Oncology) FSP: Remote,Labcorp Drug Development - USA,United States,Software Development,,"Part Time, Full Time",,https://dailyremote.com//remote-job/statistical-programmer-2-oncology-fsp-remote-2965705,today
Senior Salesforce Marketing Cloud Specialist -- Remote,Radancy,United States,Software Development,,Full Time,,https://dailyremote.com//remote-job/senior-salesforce-marketing-cloud-specialist-remote-2965697,today
"Senior Manager, Digital Process Automation Developer - Alta Petens - REMOTE",Takeda Pharmaceutical,United States,Software Development,$130k - 186k USD,Full Time,,https://dailyremote.com//remote-job/senior-manager-digital-process-automation-developer-alta-petens-remote-2965691,today
"Lead, Data Scientist Regulatory Intelligence and Policy Research (REMOTE)",Takeda Pharmaceutical,United States,Software Development,,Full Time,,https://dailyremote.com//remote-job/lead-data-scientist-regulatory-intelligence-and-policy-research-remote-2965693,today
"Senior Software Engineer, DevOps (Remote Eligible)",Capital One National Association,United States,Software Development,,"Part Time, Internship, Full Time",,https://dailyremote.com//remote-job/senior-software-engineer-dev-ops-remote-eligible-2965683,today
Data Engineer (remote) - Advanced Technology Group,Cognizant Technology Solutions,United States,Software Development,,Full Time,,https://dailyremote.com//remote-job/data-engineer-remote-advanced-technology-group-2965677,today
BPM Technical Lead (Remote),Cognizant Technology Solutions,United States,Software Development,,Full Time,,https://dailyremote.com//remote-job/bpm-technical-lead-remote-2965678,today
Lead .Net with AWS Engineer ( Remote),Cognizant Technology Solutions,United States,Software Development,,Full Time,,https://dailyremote.com//remote-job/lead-net-with-aws-engineer-remote-2965674,today
Quality Assurance Analyst (remote) - Advanced Technology Group,Cognizant Technology Solutions,United States,Software Development,,Full Time,,https://dailyremote.com//remote-job/quality-assurance-analyst-remote-advanced-technology-group-2965675,today
Workday Security Analyst - Remote,Labcorp,United States,Software Development,,"Part Time, Full Time",,https://dailyremote.com//remote-job/workday-security-analyst-remote-2965649,today
Software Engineer - Remote,Liberty Mutual Insurance,United States,Software Development,,Full Time,,https://dailyremote.com//remote-job/software-engineer-remote-2965657,today
"Integration Engineer, Sr. (Remote)",GovCIO,United States,Software Development,,Part Time,,https://dailyremote.com//remote-job/integration-engineer-sr-remote-2965625,today
Junior ServiceNow Developer (Remote),GovCIO,United States,Software Development,,Full Time,,https://dailyremote.com//remote-job/junior-service-now-developer-remote-2965640,today
Site Reliability Engineer - Triage (Remote),GovCIO,United States,Software Development,,Full Time,,https://dailyremote.com//remote-job/site-reliability-engineer-triage-remote-2965623,today
System Administrator (Remote),GovCIO,United States,Software Development,,Full Time,,https://dailyremote.com//remote-job/system-administrator-remote-2965632,today
System Architect (Remote),GovCIO,United States,Software Development,,Full Time,,https://dailyremote.com//remote-job/system-architect-remote-2965629,today
"Training Developer, Sr. (Remote)",GovCIO,United States,Software Development,,Full Time,,https://dailyremote.com//remote-job/training-developer-sr-remote-2965627,today
"Senior Analyst, Data Management - Data Standards & Governance - Open to Remote",Southern Glazer's Wine & Spirits,United States,Software Development,,Full Time,,https://dailyremote.com//remote-job/senior-analyst-data-management-data-standards-governance-open-to-remote-2965604,today
Database Administrator (Remote),GovCIO,United States,Software Development,,Full Time,,https://dailyremote.com//remote-job/database-administrator-remote-2965619,today
Technical Lead (Remote),GovCIO,United States,Software Development,,Full Time,,https://dailyremote.com//remote-job/technical-lead-remote-2965622,today
Data Scientist - REMOTE,City of Hope,United States,Software Development,,Full Time,,https://dailyremote.com//remote-job/data-scientist-remote-2965606,today
Portfolio Manager IT - Infrastructure & Security (Remote),Ulta Beauty,United States,Software Development,,Full Time,,https://dailyremote.com//remote-job/portfolio-manager-it-infrastructure-security-remote-2965601,today
Card and Payments Technical Architect - REMOTE U.S.,NTT DATA,United States,Software Development,,Full Time,,https://dailyremote.com//remote-job/card-and-payments-technical-architect-remote-u-s-2965577,today
Supplier Quality Engineer I- Remote,California Closets Corporate,United States,Software Development,,Full Time,,https://dailyremote.com//remote-job/supplier-quality-engineer-i-remote-2965567,today
Senior Salesforce Marketing Cloud Specialist -- Remote,Radancy,United States,Software Development,,Full Time,,https://dailyremote.com//remote-job/senior-salesforce-marketing-cloud-specialist-remote-2965558,today
Cloud Security Engineer - 100% US REMOTE,Experian,United States,Software Development,,Full Time,,https://dailyremote.com//remote-job/cloud-security-engineer-100-us-remote-2965563,today
Simulation Data Management Engineer- REMOTE,ANSYS,United States,Software Development,,Full Time,,https://dailyremote.com//remote-job/simulation-data-management-engineer-remote-2965547,today
Power Platform Application Developer - REMOTE,CSAA Insurance Group,United States,Software Development,,Full Time,,https://dailyremote.com//remote-job/power-platform-application-developer-remote-2965548,today
Penetration Tester - Remote,CSAA Insurance Group,United States,Software Development,,Full Time,,https://dailyremote.com//remote-job/penetration-tester-remote-2965551,today
Software Engineer III - EAS Platform - Remote,CSAA Insurance Group,United States,Software Development,,Full Time,,https://dailyremote.com//remote-job/software-engineer-iii-eas-platform-remote-2965553,today
UKG Dimensions Technical Consultant - Remote,Infinity Consulting Solutions,United States,Software Development,,Full Time,,https://dailyremote.com//remote-job/ukg-dimensions-technical-consultant-remote-2965554,today
"Player Engagement Specialist, Ruby Seven Studios, Remote",Delaware North,United States,Software Development,,Full Time,,https://dailyremote.com//remote-job/player-engagement-specialist-ruby-seven-studios-remote-2965555,today
Application Engineer II- Discovery (Structures)- REMOTE,ANSYS,United States,Software Development,,Full Time,,https://dailyremote.com//remote-job/application-engineer-ii-discovery-structures-remote-2965545,today
Data Management and Visualization Specialist - REMOTE,ICF,United States,Software Development,,"Part Time, Full Time",,https://dailyremote.com//remote-job/data-management-and-visualization-specialist-remote-2965544,today
"Senior Manager, Digital Process Automation Developer - Alta Petens - REMOTE",Takeda Pharmaceutical,United States,Software Development,$130k - 186k USD,Full Time,,https://dailyremote.com//remote-job/senior-manager-digital-process-automation-developer-alta-petens-remote-2965529,today
"Lead, Data Scientist Regulatory Intelligence and Policy Research (REMOTE)",Takeda Pharmaceutical,United States,Software Development,,Full Time,,https://dailyremote.com//remote-job/lead-data-scientist-regulatory-intelligence-and-policy-research-remote-2965532,today
Lead Platform Engineer (Remote),TRC Staffing,United States,Software Development,,Full Time,,https://dailyremote.com//remote-job/lead-platform-engineer-remote-2965517,today
"Vice President, Data Analytics & Reporting - Remote",Corporate,United States,Software Development,,Part Time,,https://dailyremote.com//remote-job/vice-president-data-analytics-reporting-remote-2965516,today
Senior User Experience Designer - remote,Corporate,United States,Software Development,,Full Time,,https://dailyremote.com//remote-job/senior-user-experience-designer-remote-2965499,today
"Senior Manager, Digital Process Automation Developer - Alta Petens - REMOTE",Takeda Pharmaceutical,United States,Software Development,$130k - 186k USD,Full Time,,https://dailyremote.com//remote-job/senior-manager-digital-process-automation-developer-alta-petens-remote-2965502,today
Associate Platform Engineer (Remote),TRC Staffing,United States,Software Development,,Full Time,,https://dailyremote.com//remote-job/associate-platform-engineer-remote-2965478,today
"Senior Manager, Solutions Engineering - Remote",GXO Logistics,United States,Software Development,,Full Time,,https://dailyremote.com//remote-job/senior-manager-solutions-engineering-remote-2965470,today
"Vice President, Data Analytics & Reporting - Remote",Radancy,United States,Software Development,,Part Time,,https://dailyremote.com//remote-job/vice-president-data-analytics-reporting-remote-2965475,today
"Senior Manager, Digital Process Automation Developer - Alta Petens - REMOTE",Takeda Pharmaceutical,United States,Software Development,$130k - 186k USD,Full Time,,https://dailyremote.com//remote-job/senior-manager-digital-process-automation-developer-alta-petens-remote-2965467,today
Sailpoint Platform Engineer-IAM (Remote Eligible),Capital One,United States,Software Development,,"Part Time, Full Time",,https://dailyremote.com//remote-job/sailpoint-platform-engineer-iam-remote-eligible-2965449,today
Senior User Experience Designer - remote,Corporate,United States,Software Development,,Full Time,,https://dailyremote.com//remote-job/senior-user-experience-designer-remote-2965458,today
REMOTE SRE Manager DevOps AWS Python Finance New York,Joseph Harry Ltd,United States,Software Development,,Full Time,,https://dailyremote.com//remote-job/remote-sre-manager-dev-ops-aws-python-finance-new-york-2965462,today
Remote Operations Engineer III-Hybrid,ICS,United States,Software Development,,Full Time,,https://dailyremote.com//remote-job/remote-operations-engineer-iii-hybrid-2965428,today
Sailpoint Platform Engineer-IAM (Remote Eligible),Capital One,United States,Software Development,,"Part Time, Full Time",,https://dailyremote.com//remote-job/sailpoint-platform-engineer-iam-remote-eligible-2965411,today
Senior User Experience Designer - remote,Corporate,United States,Software Development,,Full Time,,https://dailyremote.com//remote-job/senior-user-experience-designer-remote-2965423,today
"Principal Statistical Programmer - Remote, USA or Canada",Cytel - USA,United States,Software Development,,Full Time,,https://dailyremote.com//remote-job/principal-statistical-programmer-remote-usa-or-canada-2965429,today
REMOTE DevOps Manager Python AWS Finance Trading New York,Joseph Harry Ltd,United States,Software Development,,Full Time,,https://dailyremote.com//remote-job/remote-dev-ops-manager-python-aws-finance-trading-new-york-2965427,today
Senior User Experience Designer - remote,Corporate,United States,Software Development,,Full Time,,https://dailyremote.com//remote-job/senior-user-experience-designer-remote-2965386,today
REMOTE SRE Manager DevOps Jenkins Python Finance New York,Joseph Harry Ltd,United States,Software Development,,Full Time,,https://dailyremote.com//remote-job/remote-sre-manager-dev-ops-jenkins-python-finance-new-york-2965390,today
Remote Operations Engineer II,ICS,United States,Software Development,,Full Time,,https://dailyremote.com//remote-job/remote-operations-engineer-ii-2965393,today
Sailpoint Platform Engineer-IAM (Remote Eligible),Capital One,United States,Software Development,,"Part Time, Full Time",,https://dailyremote.com//remote-job/sailpoint-platform-engineer-iam-remote-eligible-2965358,today
REMOTE DevOps Manager Python AWS Finance Trading New York,Joseph Harry Ltd,United States,Software Development,,Full Time,,https://dailyremote.com//remote-job/remote-dev-ops-manager-python-aws-finance-trading-new-york-2965345,yesterday
Technical Leader AWS Engineer - Remote - USA,"FullStack Labs, LLC",United States,Software Development,,Full Time,,https://dailyremote.com//remote-job/technical-leader-aws-engineer-remote-usa-2965325,yesterday
Senior User Experience Designer - remote,Corporate,United States,Software Development,,Full Time,,https://dailyremote.com//remote-job/senior-user-experience-designer-remote-2965336,yesterday
"Manager, Engineering - Portfolios (Remote Eligible)",Smartsheet Inc,United States,Software Development,,Full Time,,https://dailyremote.com//remote-job/manager-engineering-portfolios-remote-eligible-2965324,yesterday
Sailpoint Platform Engineer-IAM (Remote Eligible),Capital One,United States,Software Development,,"Part Time, Full Time",,https://dailyremote.com//remote-job/sailpoint-platform-engineer-iam-remote-eligible-2965301,yesterday
Data Engineer- Front End - Remote,Matchpoint Solutions,United States,Software Development,,Full Time,,https://dailyremote.com//remote-job/data-engineer-front-end-remote-2965286,yesterday
"Solution Engineer, Network (Remote)",Avery Dennison,United States,Software Development,,Full Time,,https://dailyremote.com//remote-job/solution-engineer-network-remote-2965290,yesterday
"Manager, Engineering - Portfolios (Remote Eligible)",Smartsheet Inc,United States,Software Development,,Full Time,,https://dailyremote.com//remote-job/manager-engineering-portfolios-remote-eligible-2965268,yesterday
Senior DevOps Engineer - LATAM (Remote),Tesorio,United States,Software Development,,Full Time,,https://dailyremote.com//remote-job/senior-dev-ops-engineer-latam-remote-2965270,yesterday
Technical Leader AWS Engineer - Remote - USA,"FullStack Labs, LLC",United States,Software Development,,Full Time,,https://dailyremote.com//remote-job/technical-leader-aws-engineer-remote-usa-2965269,yesterday
Cloud SRE Senior Director - Remote,PHL17 Morning,United States,Software Development,,Full Time,,https://dailyremote.com//remote-job/cloud-sre-senior-director-remote-2965271,yesterday
Sailpoint Platform Engineer-IAM (Remote Eligible),Capital One,United States,Software Development,,"Part Time, Full Time",,https://dailyremote.com//remote-job/sailpoint-platform-engineer-iam-remote-eligible-2965242,yesterday
Sales Engineer PLASTICS (Remote),Herrmann Ultrasonics,United States,Software Development,,Full Time,,https://dailyremote.com//remote-job/sales-engineer-plastics-remote-2965230,yesterday
Sailpoint Platform Engineer-IAM (Remote Eligible),Capital One,United States,Software Development,,"Part Time, Full Time",,https://dailyremote.com//remote-job/sailpoint-platform-engineer-iam-remote-eligible-2965205,yesterday
Software Engineer – Python,Invisible Technologies,Worldwide,Software Development,,Full Time,,https://dailyremote.com//remote-job/software-engineer-python-2965115,yesterday
Senior Cloud Infrastructure Developer,Moz,Canada,Software Development,,Full Time,,https://dailyremote.com//remote-job/senior-cloud-infrastructure-developer-2965114,yesterday
PHP – Javascript Software Engineer,Cars.com,United States,Software Development,,Full Time,,https://dailyremote.com//remote-job/php-javascript-software-engineer-2965113,yesterday
"Lead Adobe AEM Developer, Remote","Perficient, Inc.",United States,Software Development,,Full Time,,https://dailyremote.com//remote-job/lead-adobe-aem-developer-remote-2965104,yesterday
NetSuite Finance Systems Administrator (USA Remote),"Turnitin, LLC",United States,Software Development,,Full Time,,https://dailyremote.com//remote-job/net-suite-finance-systems-administrator-usa-remote-2965057,2d
Lead Software Engineer - Hybris (Remote Option),Balsam Brands,United States,Software Development,,Full Time,,https://dailyremote.com//remote-job/lead-software-engineer-hybris-remote-option-2965058,2d
Quality Assurance Analyst,Steady App,United States,Software Development,,Full Time,,https://dailyremote.com//remote-job/quality-assurance-analyst-2965027,2d
React Java Engineer,Oddball,Worldwide,Software Development,,Part Time,,https://dailyremote.com//remote-job/react-java-engineer-2965023,2d
Lead Software Engineer - Hybris (Remote Option),Balsam Brands,United States,Software Development,,Full Time,,https://dailyremote.com//remote-job/lead-software-engineer-hybris-remote-option-2965014,2d
Sr Staff Software Engineer (Remote),Vericast,United States,Software Development,,Full Time,,https://dailyremote.com//remote-job/sr-staff-software-engineer-remote-2965016,2d
Dynamics 365 System Administrator (F&O) (Remote),CRB,United States,Software Development,,Full Time,,https://dailyremote.com//remote-job/dynamics-365-system-administrator-f-o-remote-2965020,2d
NetSuite Finance Systems Administrator (USA Remote),Jobs for Humanity,United States,Software Development,,Full Time,,https://dailyremote.com//remote-job/net-suite-finance-systems-administrator-usa-remote-2965013,2d
Sailpoint Platform Engineer-IAM (Remote Eligible),Capital One,United States,Software Development,$133k - 152k USD,"Part Time, Full Time",,https://dailyremote.com//remote-job/sailpoint-platform-engineer-iam-remote-eligible-2964987,2d
Sailpoint Platform Engineer-IAM (Remote Eligible),Capital One,United States,Software Development,$133k - 152k USD,"Part Time, Full Time",,https://dailyremote.com//remote-job/sailpoint-platform-engineer-iam-remote-eligible-2964952,2d
Senior Software Engineer,1Up Health,United States,Software Development,,Full Time,,https://dailyremote.com//remote-job/senior-software-engineer-2964929,2d
Senior Software Engineer – Full Stack,Kin Insurance,United States,Software Development,,Full Time,,https://dailyremote.com//remote-job/senior-software-engineer-full-stack-2964928,2d
Sailpoint Platform Engineer-IAM (Remote Eligible),Capital One,United States,Software Development,$133k - 152k USD,"Part Time, Full Time",,https://dailyremote.com//remote-job/sailpoint-platform-engineer-iam-remote-eligible-2964911,2d
Senior Data Scientist- Actuarial Pricing (REMOTE),The Hartford,United States,Software Development,,Full Time,,https://dailyremote.com//remote-job/senior-data-scientist-actuarial-pricing-remote-2964860,2d
Sr. Data Engineer/ Technical Lead - Remote,The Hartford,United States,Software Development,,Full Time,,https://dailyremote.com//remote-job/sr-data-engineer-technical-lead-remote-2964861,2d
Sr Data Engineer - Remote,The Hartford,United States,Software Development,,Full Time,,https://dailyremote.com//remote-job/sr-data-engineer-remote-2964862,2d
Staff Software Engineer - REMOTE,The Hartford,United States,Software Development,,Full Time,,https://dailyremote.com//remote-job/staff-software-engineer-remote-2964863,2d
Senior Software Engineer (Remote),M3 USA,United States,Software Development,,Full Time,,https://dailyremote.com//remote-job/senior-software-engineer-remote-2964822,2d
Sailpoint Platform Engineer-IAM (Remote Eligible),Capital One,United States,Software Development,$133k - 152k USD,"Part Time, Full Time",,https://dailyremote.com//remote-job/sailpoint-platform-engineer-iam-remote-eligible-2964664,2d
Junior Software Engineer (Remote),M3 USA,United States,Software Development,,Full Time,,https://dailyremote.com//remote-job/junior-software-engineer-remote-2964682,2d
SAP MM Developer with Fluent in Spanish - Remote,Cystems Logic Inc,United States,Software Development,,Part Time,,https://dailyremote.com//remote-job/sap-mm-developer-with-fluent-in-spanish-remote-2964462,3d
Principal Systems Safety Engineer (REMOTE),Raytheon Technologies Corporation,United States,Software Development,,Full Time,,https://dailyremote.com//remote-job/principal-systems-safety-engineer-remote-2964451,3d
Senior Technical Consultant - R&D (Remote),"Veeva Systems, Inc.",United States,Software Development,,Full Time,,https://dailyremote.com//remote-job/senior-technical-consultant-r-d-remote-2964449,3d
Director of IT,Polygon Technology,Worldwide,Software Development,,Full Time,,https://dailyremote.com//remote-job/director-of-it-2964250,3d
Technical Product Marketing Manager,Camunda,Europe,Software Development,,Full Time,,https://dailyremote.com//remote-job/technical-product-marketing-manager-2964251,3d
Senior Data Scientist,Brightside Health,Worldwide,Software Development,,Full Time,,https://dailyremote.com//remote-job/senior-data-scientist-2964249,3d
Staff Frontend Engineer,Honor,United States,Software Development,,Full Time,,https://dailyremote.com//remote-job/staff-frontend-engineer-2965484,3d
Senior Full Stack Engineer,Cooler Screens,Worldwide,Software Development,,Full Time,,https://dailyremote.com//remote-job/senior-full-stack-engineer-2965483,3d
Sailpoint Platform Engineer-IAM (Remote Eligible),Capital One,United States,Software Development,$133k - 152k USD,"Part Time, Full Time",,https://dailyremote.com//remote-job/sailpoint-platform-engineer-iam-remote-eligible-2964081,3d
Sailpoint Platform Engineer-IAM (Remote Eligible),Capital One,United States,Software Development,$133k - 152k USD,"Part Time, Full Time",,https://dailyremote.com//remote-job/sailpoint-platform-engineer-iam-remote-eligible-2963925,4d
Product Owner,"Pager, Inc.",United States,Software Development,,Full Time,,https://dailyremote.com//remote-job/product-owner-2963886,4d
Senior DevOps,SWORD Health,Canada,Software Development,,Full Time,,https://dailyremote.com//remote-job/senior-dev-ops-2965295,4d
"Lead Software Engineer, Developer Productivity",MongoDB,United States,Software Development,,Full Time,,https://dailyremote.com//remote-job/lead-software-engineer-developer-productivity-2963885,4d
Data Analyst,"Stride, Inc.",United States,Software Development,,Full Time,,https://dailyremote.com//remote-job/data-analyst-2965195,4d
KC-46 Remote Vision System Engineering Manager,Boeing,United States,Software Development,$138k - 187k USD,Full Time,,https://dailyremote.com//remote-job/kc-46-remote-vision-system-engineering-manager-2963368,5d
"Data Scientist, Ecosystem",Pinterest,United States,Software Development,,Full Time,,https://dailyremote.com//remote-job/data-scientist-ecosystem-2964930,5d
Principal Software Engineer - Remote,NATIONAL MARROW DONOR PROGRAM,United States,Software Development,,Full Time,,https://dailyremote.com//remote-job/principal-software-engineer-remote-2963126,5d
Full Stack Engineer III,Calendly,United States,Software Development,,Full Time,,https://dailyremote.com//remote-job/full-stack-engineer-iii-2964478,6d
"Mid-level Backend Software Engineer, DOTS",Gympass,United States,Software Development,,Full Time,,https://dailyremote.com//remote-job/mid-level-backend-software-engineer-dots-2964477,6d
Professional Services Software Engineering Internship - 100% Remote,Arista Networks,United States,Software Development,,Internship,,https://dailyremote.com//remote-job/professional-services-software-engineering-internship-100-remote-2962705,6d
"Lead QA Engineer (Data) San Francisco, CA or Remote (Based in the U.S.)","NerdWallet, Inc.",United States,Software Development,,Full Time,,https://dailyremote.com//remote-job/lead-qa-engineer-data-san-francisco-ca-or-remote-based-in-the-u-s-2962693,6d
Software Engineer II Custom Services,Anaconda,United States,Software Development,,Full Time,,https://dailyremote.com//remote-job/software-engineer-ii-custom-services-2964266,6d
QA Automation Engineer,Cardlytics,United States,Software Development,,Full Time,,https://dailyremote.com//remote-job/qa-automation-engineer-2964261,6d
QA Automation Engineer,Cardlytics,United States,Software Development,,Full Time,,https://dailyremote.com//remote-job/qa-automation-engineer-2964261,6d
Senior Security Engineer,HubSpot,United States,Software Development,,Full Time,,https://dailyremote.com//remote-job/senior-security-engineer-2962605,6d
"Staff Software Engineer, Backend, Wallets and Platform Engineering – Wallets",Affirm,United Kingdom,Software Development,,Full Time,,https://dailyremote.com//remote-job/staff-software-engineer-backend-wallets-and-platform-engineering-wallets-2962407,1w
"Senior Software Engineer, Health",Babylist,United States,Software Development,,Full Time,,https://dailyremote.com//remote-job/senior-software-engineer-health-2962408,1w
"Principal Software Engineer, Perception (Radar) - Remote Optional",TORC Robotics,United States,Software Development,,Full Time,,https://dailyremote.com//remote-job/principal-software-engineer-perception-radar-remote-optional-2962398,1w
Sales Engineer - Remote - Western US,The Timken Company,United States,Software Development,,Full Time,,https://dailyremote.com//remote-job/sales-engineer-remote-western-us-2962304,1w
Remote Back End Engineer,"Global Channel Management, Inc.",United States,Software Development,,Full Time,,https://dailyremote.com//remote-job/remote-back-end-engineer-2962246,1w
Azure Cloud Engineer (Remote in US),Resultant,United States,Software Development,,Full Time,,https://dailyremote.com//remote-job/azure-cloud-engineer-remote-in-us-2962250,1w
Full Stack Software Engineer (ML Platform) - Remote,Vericast,United States,Software Development,,Full Time,,https://dailyremote.com//remote-job/full-stack-software-engineer-ml-platform-remote-2962249,1w
"Principal Developer Advocate (SF, NY, Remote)",Sequoia Capital,United States,Software Development,,Full Time,,https://dailyremote.com//remote-job/principal-developer-advocate-sf-ny-remote-2962142,1w
Sr. Software Engineer - Tech Lead - San Francisco or Remote,"ALTVIA SOLUTIONS, LLC",United States,Software Development,,Full Time,,https://dailyremote.com//remote-job/sr-software-engineer-tech-lead-san-francisco-or-remote-2962136,1w
QA Manager,Crowdbotics,Worldwide,Software Development,,Full Time,,https://dailyremote.com//remote-job/qa-manager-2962056,1w
"Data Analyst, Finance",Chainlink Labs,United States,Software Development,,Full Time,,https://dailyremote.com//remote-job/data-analyst-finance-2962051,1w
Sales Engineer PLASTICS (Remote),HERRMANN ULTRASONICS INC,United States,Software Development,,Full Time,,https://dailyremote.com//remote-job/sales-engineer-plastics-remote-2961936,1w
REMOTE SRE Manager DevOps Jenkins Python Finance New York,Joseph Harry Ltd,United States,Software Development,,Full Time,,https://dailyremote.com//remote-job/remote-sre-manager-dev-ops-jenkins-python-finance-new-york-2961931,1w
Senior Full Stack Software Developer - Remote,IMAGINiT Technologies,United States,Software Development,,Full Time,,https://dailyremote.com//remote-job/senior-full-stack-software-developer-remote-2961924,1w
Lead Red Team Penetration Tester (Remote),Request Technology,United States,Software Development,$160k - 160k USD,Full Time,,https://dailyremote.com//remote-job/lead-red-team-penetration-tester-remote-2961832,1w
REMOTE SRE Manager DevOps AWS Python Finance New York,Joseph Harry Ltd,United States,Software Development,,Full Time,,https://dailyremote.com//remote-job/remote-sre-manager-dev-ops-aws-python-finance-new-york-2961815,1w
Finance Systems Administrator (USA Remote),"Turnitin, LLC",United States,Software Development,,Full Time,,https://dailyremote.com//remote-job/finance-systems-administrator-usa-remote-2961810,1w
Sales Engineer PLASTICS (Remote),HERRMANN ULTRASONICS INC,United States,Software Development,,Full Time,,https://dailyremote.com//remote-job/sales-engineer-plastics-remote-2961820,1w
Senior Full Stack Software Developer - Remote,IMAGINiT Technologies,United States,Software Development,,Full Time,,https://dailyremote.com//remote-job/senior-full-stack-software-developer-remote-2961809,1w
Senior QA Engineer (100% Remote),Close,United States,Software Development,,Full Time,,https://dailyremote.com//remote-job/senior-qa-engineer-100-remote-2961758,1w
REMOTE DevOps Manager Python AWS Finance Trading New York,Joseph Harry Ltd,United States,Software Development,,Full Time,,https://dailyremote.com//remote-job/remote-dev-ops-manager-python-aws-finance-trading-new-york-2961732,1w
Finance Systems Administrator (USA Remote),"Turnitin, LLC",United States,Software Development,,Full Time,,https://dailyremote.com//remote-job/finance-systems-administrator-usa-remote-2961713,1w
Senior Full Stack Software Developer - Remote,IMAGINiT Technologies,United States,Software Development,,Full Time,,https://dailyremote.com//remote-job/senior-full-stack-software-developer-remote-2961711,1w
Finance Systems Administrator (USA Remote),"Turnitin, LLC",United States,Software Development,,Full Time,,https://dailyremote.com//remote-job/finance-systems-administrator-usa-remote-2961552,1w
Senior Full Stack Software Developer - Remote,IMAGINiT Technologies,United States,Software Development,,Full Time,,https://dailyremote.com//remote-job/senior-full-stack-software-developer-remote-2961550,1w
Senior Build Engineer,NS1,United States,Software Development,,Full Time,,https://dailyremote.com//remote-job/senior-build-engineer-2961477,1w
Application Design Specialist - Security / Sales Engineer (Remote - TX),Bosch Group,United States,Software Development,,Full Time,,https://dailyremote.com//remote-job/application-design-specialist-security-sales-engineer-remote-tx-2961461,1w
Finance Systems Administrator (USA Remote),"Turnitin, LLC",United States,Software Development,,Full Time,,https://dailyremote.com//remote-job/finance-systems-administrator-usa-remote-2961465,1w
Senior Full Stack Software Developer - Remote,IMAGINiT Technologies,United States,Software Development,,Full Time,,https://dailyremote.com//remote-job/senior-full-stack-software-developer-remote-2961459,1w
SailPoint-IAM Security Engineer Lead (100% US Remote),Experian,United States,Software Development,,Full Time,,https://dailyremote.com//remote-job/sail-point-iam-security-engineer-lead-100-us-remote-2961463,1w
Cyber Security Architect/6+ month Remote contract,Request Technology - Craig Johnson,United States,Software Development,,Part Time,,https://dailyremote.com//remote-job/cyber-security-architect-6-month-remote-contract-2961096,1w
Director of Data Science,Maisha Meds,Canada,Software Development,,"Part Time, Full Time",,https://dailyremote.com//remote-job/director-of-data-science-2961026,1w
Staff Software Engineer Ads Manager,Reddit,United States,Software Development,,Full Time,,https://dailyremote.com//remote-job/staff-software-engineer-ads-manager-2962794,1w
Sr. IAM / IGA Software Engineer (remote / virtual within the US),Citizens Property Insurance,United States,Software Development,,Full Time,,https://dailyremote.com//remote-job/sr-iam-iga-software-engineer-remote-virtual-within-the-us-2960633,1w
Digital Data Analyst (Google Analytics)- Remote,California Closets Corporate,United States,Software Development,,Full Time,,https://dailyremote.com//remote-job/digital-data-analyst-google-analytics-remote-2960622,1w
"NetSuite Solutions Developer (Remote, United States)",Dynatrace,United States,Software Development,,Full Time,,https://dailyremote.com//remote-job/net-suite-solutions-developer-remote-united-states-2960626,1w
Senior Cloud Operations Engineer - Azure (Remote),2nd Watch,United States,Software Development,,Full Time,,https://dailyremote.com//remote-job/senior-cloud-operations-engineer-azure-remote-2960624,1w
Digital Data Analyst (Google Analytics)- Remote,California Closets Corporate,United States,Software Development,,Full Time,,https://dailyremote.com//remote-job/digital-data-analyst-google-analytics-remote-2960622,1w
Senior Appian Developer (fully remote),"Perficient, Inc.",United States,Software Development,,Full Time,,https://dailyremote.com//remote-job/senior-appian-developer-fully-remote-2960416,1w
Quality Manager,Flywheel.io,Europe,Software Development,,Full Time,,https://dailyremote.com//remote-job/quality-manager-2962608,1w
Software Engineer – Backend,Output Inc.,United States,Software Development,,Full Time,,https://dailyremote.com//remote-job/software-engineer-backend-2960329,1w
Senior Data Engineer - Remote,"Perficient, Inc.",United States,Software Development,,Full Time,,https://dailyremote.com//remote-job/senior-data-engineer-remote-2960316,1w
Senior Data Solutions Architect - Remote,"Perficient, Inc.",United States,Software Development,,Full Time,,https://dailyremote.com//remote-job/senior-data-solutions-architect-remote-2960314,1w
Lead Adobe AEM Developer - Remote Option,"Perficient, Inc.",United States,Software Development,,Full Time,,https://dailyremote.com//remote-job/lead-adobe-aem-developer-remote-option-2960315,1w
Security Engineer,Headway.co,United States,Software Development,,Full Time,,https://dailyremote.com//remote-job/security-engineer-2962479,1w
Senior Player Experience Producer,Disruptive Games,United States,Software Development,,Full Time,,https://dailyremote.com//remote-job/senior-player-experience-producer-2962480,1w
"Senior Manager, Software Engineering, Back End (Remote Eligible)",Capital One,United States,Software Development,$230k - 262k USD,"Part Time, Internship, Full Time",,https://dailyremote.com//remote-job/senior-manager-software-engineering-back-end-remote-eligible-2959944,1w
Software Engineer (Remote),Experian,United States,Software Development,,Full Time,,https://dailyremote.com//remote-job/software-engineer-remote-2959876,1w
"Lead Software Engineer, Full Stack (Remote - Eligible)",Capital One,United States,Software Development,$197k - 225k USD,"Part Time, Internship, Full Time",,https://dailyremote.com//remote-job/lead-software-engineer-full-stack-remote-eligible-2959817,1w
VP Data Services - Remote,United Natural Foods Inc,United States,Software Development,,Full Time,,https://dailyremote.com//remote-job/vp-data-services-remote-2959806,1w
VP Data Services - Remote,East Providence,United States,Software Development,,Full Time,,https://dailyremote.com//remote-job/vp-data-services-remote-2959805,1w
"Lead Software Engineer, Full Stack (Remote - Eligible)",Capital One,United States,Software Development,$197k - 225k USD,"Part Time, Internship, Full Time",,https://dailyremote.com//remote-job/lead-software-engineer-full-stack-remote-eligible-2959730,1w
"Lead Software Engineer, Full Stack (Remote - Eligible)",Capital One,United States,Software Development,$197k - 225k USD,"Part Time, Internship, Full Time",,https://dailyremote.com//remote-job/lead-software-engineer-full-stack-remote-eligible-2959624,1w
"Full Stack Developer, Ruby on Rails",Ten Percent Happier,Worldwide,Software Development,,Full Time,,https://dailyremote.com//remote-job/full-stack-developer-ruby-on-rails-2962050,1w
Senior Data Analyst,Mixpanel,United States,Software Development,,"Part Time, Full Time",,https://dailyremote.com//remote-job/senior-data-analyst-2959614,1w
Senior Backend Engineer – Ruby on Rails,CompanyCam,Canada,Software Development,,Full Time,,https://dailyremote.com//remote-job/senior-backend-engineer-ruby-on-rails-2959612,1w
Senior Software Engineer,Unqork,United States,Software Development,,Full Time,,https://dailyremote.com//remote-job/senior-software-engineer-2959611,1w
Senior Matillion ETL Developer (Remote),Request Technology,United States,Software Development,,Full Time,,https://dailyremote.com//remote-job/senior-matillion-etl-developer-remote-2959561,1w
"Lead Software Engineer, Full Stack (Remote - Eligible)",Capital One,United States,Software Development,$197k - 225k USD,"Part Time, Internship, Full Time",,https://dailyremote.com//remote-job/lead-software-engineer-full-stack-remote-eligible-2959375,1w
Data Scientist,DreamBox Learning,Canada,Software Development,,Full Time,,https://dailyremote.com//remote-job/data-scientist-2961757,1w
Identity and Access Security Engineer III,Kaplan,United States,Software Development,,Full Time,,https://dailyremote.com//remote-job/identity-and-access-security-engineer-iii-2961652,1w
"Senior/Lead Software Engineer, Kernel and BIOS (Austin TX, Nashua NH or Remote)",Arista Networks,United States,Software Development,,Full Time,,https://dailyremote.com//remote-job/senior-lead-software-engineer-kernel-and-bios-austin-tx-nashua-nh-or-remote-2959214,1w
Software Engineer (Remote),2nd Watch,United States,Software Development,,Full Time,,https://dailyremote.com//remote-job/software-engineer-remote-2959213,1w
Senior Software Engineer - Full Stack (Remote Eligible),Capital One,United States,Software Development,$161k - 184k USD,"Part Time, Internship, Full Time",,https://dailyremote.com//remote-job/senior-software-engineer-full-stack-remote-eligible-2959172,1w
Senior Security Operations Engineer,Jasper.ai,United States,Software Development,,Full Time,,https://dailyremote.com//remote-job/senior-security-operations-engineer-2961478,1w
Senior Software Engineering Manager,AT&T,United States,Software Development,,Full Time,,https://dailyremote.com//remote-job/senior-software-engineering-manager-2961476,1w
Staff DevOps Engineer,Varsity Tutors,Worldwide,Software Development,,Full Time,,https://dailyremote.com//remote-job/staff-dev-ops-engineer-2961475,1w
"Senior/Lead Software Engineer, EOS Routing (Austin TX, Nashua NH, or 100% Remote)",Arista Networks,United States,Software Development,,Full Time,,https://dailyremote.com//remote-job/senior-lead-software-engineer-eos-routing-austin-tx-nashua-nh-or-100-remote-2959154,1w
Sr. Salesforce Developer- CPQ (Remote U.S. OK),Zscaler,United States,Software Development,,Full Time,,https://dailyremote.com//remote-job/sr-salesforce-developer-cpq-remote-u-s-ok-2959152,1w
Senior Design System Engineer - Remote,Medable,United States,Software Development,,Full Time,,https://dailyremote.com//remote-job/senior-design-system-engineer-remote-2959153,1w
Security Trust & Governance Lead (Remote),Wandb,United States,Software Development,,Full Time,,https://dailyremote.com//remote-job/security-trust-governance-lead-remote-2959145,1w
"Senior Manager, Software Engineering, Back End (Remote Eligible)",Capital One,United States,Software Development,$230k - 262k USD,"Part Time, Internship, Full Time",,https://dailyremote.com//remote-job/senior-manager-software-engineering-back-end-remote-eligible-2959000,1w
"Associate Customer Success Manager, Onboarding Specialist",Time Doctor,Worldwide,Software Development,,Full Time,,https://dailyremote.com//remote-job/associate-customer-success-manager-onboarding-specialist-2958964,1w
.Net Developer,Amyx,United States,Software Development,,Full Time,,https://dailyremote.com//remote-job/net-developer-2958959,1w
Software Development Engineer – Front-End,DreamBox Learning,Canada,Software Development,,Full Time,,https://dailyremote.com//remote-job/software-development-engineer-front-end-2961215,1w
"Lead Software Engineer, Full Stack (Remote - Eligible)",Capital One,United States,Software Development,$197k - 225k USD,"Part Time, Internship, Full Time",,https://dailyremote.com//remote-job/lead-software-engineer-full-stack-remote-eligible-2958839,1w
QA Analyst,Bonterra Tech,United States,Software Development,,Full Time,,https://dailyremote.com//remote-job/qa-analyst-2961027,1w
Data Scientist,Marathon Health,United States,Software Development,,Full Time,,https://dailyremote.com//remote-job/data-scientist-2961025,1w
"Senior Manager, Software Engineering, Back End (Remote Eligible)",Capital One,United States,Software Development,$230k - 262k USD,"Part Time, Internship, Full Time",,https://dailyremote.com//remote-job/senior-manager-software-engineering-back-end-remote-eligible-2958668,1w
Senior Software Engineer - Back End (Remote Eligible),Capital One,United States,Software Development,$161k - 184k USD,"Part Time, Internship, Full Time",,https://dailyremote.com//remote-job/senior-software-engineer-back-end-remote-eligible-2958537,1w
"Lead Software Engineer, Full Stack (Remote - Eligible)",Capital One,United States,Software Development,$197k - 225k USD,"Part Time, Internship, Full Time",,https://dailyremote.com//remote-job/lead-software-engineer-full-stack-remote-eligible-2958435,1w
Associate Director Software Product Security Architect (Remote),Raytheon Technologies Corporation,United States,Software Development,,Full Time,,https://dailyremote.com//remote-job/associate-director-software-product-security-architect-remote-2958387,1w
Director of Data Engineering (Remote),"ezCater, Inc",United States,Software Development,,Full Time,,https://dailyremote.com//remote-job/director-of-data-engineering-remote-2958385,1w
"Senior Manager, Software Engineering, Back End (Remote Eligible)",Capital One,United States,Software Development,$230k - 262k USD,"Part Time, Internship, Full Time",,https://dailyremote.com//remote-job/senior-manager-software-engineering-back-end-remote-eligible-2958260,1w
"Senior Manager, Software Engineering, Back End (Remote Eligible)",Capital One,United States,Software Development,$230k - 262k USD,"Part Time, Internship, Full Time",,https://dailyremote.com//remote-job/senior-manager-software-engineering-back-end-remote-eligible-2958192,1w
Senior Software Engineer - Back End (Remote Eligible),Capital One,United States,Software Development,$161k - 184k USD,"Part Time, Internship, Full Time",,https://dailyremote.com//remote-job/senior-software-engineer-back-end-remote-eligible-2958105,1w
Head of Product Security,Calendly,United States,Software Development,,Full Time,,https://dailyremote.com//remote-job/head-of-product-security-2959942,1w
"Lead Software Engineer, Full Stack (Remote - Eligible)",Capital One,United States,Software Development,$197k - 225k USD,"Part Time, Internship, Full Time",,https://dailyremote.com//remote-job/lead-software-engineer-full-stack-remote-eligible-2957970,1w
Senior Software Engineer - Full Stack (Remote Eligible),Capital One,United States,Software Development,$161k - 184k USD,"Part Time, Internship, Full Time",,https://dailyremote.com//remote-job/senior-software-engineer-full-stack-remote-eligible-2957748,1w
Lighting Artist,Deck Nine Games,Worldwide,Software Development,,Full Time,,https://dailyremote.com//remote-job/lighting-artist-2957705,1w
Senior Software Engineer,Findhelp,Worldwide,Software Development,,Full Time,,https://dailyremote.com//remote-job/senior-software-engineer-2957704,1w
"Lead Software Engineer, Full Stack (Remote - Eligible)",Capital One,United States,Software Development,$197k - 225k USD,"Part Time, Internship, Full Time",,https://dailyremote.com//remote-job/lead-software-engineer-full-stack-remote-eligible-2957590,1w
Quality Analyst – Quality Assurance Engineer,Verra,United States,Software Development,,Full Time,,https://dailyremote.com//remote-job/quality-analyst-quality-assurance-engineer-2959506,1w
Data Network Engineer,Corning,United States,Software Development,,Full Time,,https://dailyremote.com//remote-job/data-network-engineer-2959505,1w
"Staff Software Engineer, Backend",MyFitnessPal,United States,Software Development,,Full Time,,https://dailyremote.com//remote-job/staff-software-engineer-backend-2959497,1w
Java Engineer,Oddball,United States,Software Development,,Full Time,,https://dailyremote.com//remote-job/java-engineer-2959499,1w
Engineering Manager,Follow Up Boss,United States,Software Development,,Full Time,,https://dailyremote.com//remote-job/engineering-manager-2959500,1w
Full Stack Developer,The Athletic,Worldwide,Software Development,,Full Time,,https://dailyremote.com//remote-job/full-stack-developer-2959498,1w
"Lead Software Engineer, Full Stack (Remote - Eligible)",Capital One,United States,Software Development,$197k - 225k USD,"Part Time, Internship, Full Time",,https://dailyremote.com//remote-job/lead-software-engineer-full-stack-remote-eligible-2957494,1w
Technical Writers,"Codeless Interactive, LLC",Worldwide,Software Development,,Part Time,,https://dailyremote.com//remote-job/technical-writers-2959342,1w
"Lead Software Engineer, Full Stack (Remote - Eligible)",Capital One,United States,Software Development,$197k - 225k USD,"Part Time, Internship, Full Time",,https://dailyremote.com//remote-job/lead-software-engineer-full-stack-remote-eligible-2957430,1w
Senior Software Engineer,Achievement Network,United States,Software Development,,Full Time,,https://dailyremote.com//remote-job/senior-software-engineer-2957233,2w
"Senior/Lead Software Engineer, EOS Routing (Austin, Nashua NH or 100% Remote)",Arista Networks,United States,Software Development,,Full Time,,https://dailyremote.com//remote-job/senior-lead-software-engineer-eos-routing-austin-nashua-nh-or-100-remote-2957219,2w
Team Lead Salesforce Developer - 100% Remote (EU and Americas),EVB,United States,Software Development,,Full Time,,https://dailyremote.com//remote-job/team-lead-salesforce-developer-100-remote-eu-and-americas-2957221,2w
Mobile (Android) Engineer - (LatAm - Remote),EVB,United States,Software Development,,Full Time,,https://dailyremote.com//remote-job/mobile-android-engineer-lat-am-remote-2957222,2w
Senior Data Integration Developer (Remote Eligible),University of Maryland Medical System,United States,Software Development,,Full Time,,https://dailyremote.com//remote-job/senior-data-integration-developer-remote-eligible-2957218,2w
Senior Software Engineer - Frontend - Remote,Splunk,United States,Software Development,,Full Time,,https://dailyremote.com//remote-job/senior-software-engineer-frontend-remote-2957106,2w
Lead Software Engineer (Remote),"CareFirst, Inc.",United States,Software Development,,Full Time,,https://dailyremote.com//remote-job/lead-software-engineer-remote-2957103,2w
Technical Writer,ConsenSys,United States,Software Development,,Full Time,,https://dailyremote.com//remote-job/technical-writer-2957046,2w
"Senior Fullstack Engineer, Member Experience",Included Health,Worldwide,Software Development,,Full Time,,https://dailyremote.com//remote-job/senior-fullstack-engineer-member-experience-2958958,2w
"Senior Manager, Software Engineering",Unite Us,United States,Software Development,,Full Time,,https://dailyremote.com//remote-job/senior-manager-software-engineering-2958957,2w
"Software Engineer I, Back End – Forms Platform",Smartsheet,United States,Software Development,,Full Time,,https://dailyremote.com//remote-job/software-engineer-i-back-end-forms-platform-2958956,2w
Backend Software Engineer,LogicGate,Worldwide,Software Development,,Full Time,,https://dailyremote.com//remote-job/backend-software-engineer-2958955,2w
Operations Data Analyst,Samsara,United States,Software Development,,Full Time,,https://dailyremote.com//remote-job/operations-data-analyst-2957037,2w
Senior Software Engineer – Ruby on Rails,PDQ.com,United States,Software Development,,Full Time,,https://dailyremote.com//remote-job/senior-software-engineer-ruby-on-rails-2958954,2w
Senior Android Engineer,UPS - United Parcel Service,Worldwide,Software Development,,Full Time,,https://dailyremote.com//remote-job/senior-android-engineer-2958952,2w
Senior Android Engineer,UPS - United Parcel Service,Worldwide,Software Development,,Full Time,,https://dailyremote.com//remote-job/senior-android-engineer-2958952,2w
REMOTE DevOps Manager Python AWS Finance Trading New York,Joseph Harry Ltd,United States,Software Development,,Full Time,,https://dailyremote.com//remote-job/remote-dev-ops-manager-python-aws-finance-trading-new-york-2957014,2w
"Lead Software Engineer, Full Stack (Remote - Eligible)",Capital One,United States,Software Development,$197k - 225k USD,"Part Time, Internship, Full Time",,https://dailyremote.com//remote-job/lead-software-engineer-full-stack-remote-eligible-2956932,2w
REMOTE SRE Manager DevOps AWS Python Finance New York,Joseph Harry Ltd,United States,Software Development,,Full Time,,https://dailyremote.com//remote-job/remote-sre-manager-dev-ops-aws-python-finance-new-york-2956877,2w
REMOTE SRE Manager DevOps Jenkins Python Finance New York,Joseph Harry Ltd,United States,Software Development,,Full Time,,https://dailyremote.com//remote-job/remote-sre-manager-dev-ops-jenkins-python-finance-new-york-2956710,2w
Senior Data Analyst – Product,SeatGeek,United States,Software Development,,Full Time,,https://dailyremote.com//remote-job/senior-data-analyst-product-2958620,2w
REMOTE DevOps Manager Python AWS Finance Trading New York,Joseph Harry Ltd,United States,Software Development,,Full Time,,https://dailyremote.com//remote-job/remote-dev-ops-manager-python-aws-finance-trading-new-york-2956549,2w
"Lead Software Engineer, Full Stack (Remote - Eligible)",Capital One,United States,Software Development,$197k - 225k USD,"Part Time, Internship, Full Time",,https://dailyremote.com//remote-job/lead-software-engineer-full-stack-remote-eligible-2956498,2w
"MS APPLICATION PROGRAMMER IV - Eggplant Automated Testing, Scripting (Remote)",University of Maryland Medical System,United States,Software Development,,Full Time,,https://dailyremote.com//remote-job/ms-application-programmer-iv-eggplant-automated-testing-scripting-remote-2956470,2w
Senior Oracle HCM Cloud Specialist (Remote/Hybrid as needed),Eurofins USA,United States,Software Development,,Full Time,,https://dailyremote.com//remote-job/senior-oracle-hcm-cloud-specialist-remote-hybrid-as-needed-2956475,2w
Junior Data Analyst,iubenda,United States,Software Development,,Full Time,,https://dailyremote.com//remote-job/junior-data-analyst-2958369,2w
"Staff Frontend Engineer, Dynamic Data",Webflow,Canada,Software Development,,Full Time,,https://dailyremote.com//remote-job/staff-frontend-engineer-dynamic-data-2958368,2w
"Engineering Manager / Platform Team / $230,000 / Remote",Signify Technology,United States,Software Development,$230k - 230k USD,Full Time,,https://dailyremote.com//remote-job/engineering-manager-platform-team-230-000-remote-2956383,2w
"Senior Software Engineer / NodeJS / AWS / $200,000 / Remote",Signify Technology,United States,Software Development,$200k - 200k USD,Full Time,,https://dailyremote.com//remote-job/senior-software-engineer-node-js-aws-200-000-remote-2956374,2w
"Senior Manager, Software Engineering, Back End (Remote Eligible)",Capital One,United States,Software Development,$230k - 262k USD,"Part Time, Internship, Full Time",,https://dailyremote.com//remote-job/senior-manager-software-engineering-back-end-remote-eligible-2956268,2w
Technical Writer,StreamSets,United States,Software Development,,Full Time,,https://dailyremote.com//remote-job/technical-writer-2956257,2w
Data Analyst,Sezzle,Worldwide,Software Development,,Full Time,,https://dailyremote.com//remote-job/data-analyst-2956256,2w
Staff Backend Engineer,Superhuman Labs,Canada,Software Development,,Full Time,,https://dailyremote.com//remote-job/staff-backend-engineer-2956254,2w
QA Lead,DECA Games,Europe,Software Development,,Full Time,,https://dailyremote.com//remote-job/qa-lead-2956246,2w
"Senior Product Data Scientist, Search",Cash App,United States,Software Development,,Full Time,,https://dailyremote.com//remote-job/senior-product-data-scientist-search-2956241,2w
Senior Software Engineer – Front-End,Kin Insurance,United States,Software Development,,Full Time,,https://dailyremote.com//remote-job/senior-software-engineer-front-end-2956234,2w
Senior Software Engineer,Paycor,Worldwide,Software Development,,Full Time,,https://dailyremote.com//remote-job/senior-software-engineer-2956235,2w
"Senior Backend Engineer, Community and Live Experience",Whatnot,United States,Software Development,,Full Time,,https://dailyremote.com//remote-job/senior-backend-engineer-community-and-live-experience-2956236,2w
Lead Front-End Engineer,UpMetrics,United States,Software Development,,Full Time,,https://dailyremote.com//remote-job/lead-front-end-engineer-2956051,2w
Senior Data Engineer (Remote Eligible),Capital One,United States,Software Development,$161k - 184k USD,"Part Time, Internship, Full Time",,https://dailyremote.com//remote-job/senior-data-engineer-remote-eligible-2955971,2w
Senior Frontend engineer,GeoSignum,Worldwide,Software Development,,Part Time,,https://dailyremote.com//remote-job/senior-frontend-engineer-2958163,2w
Senior Data Engineer (Remote Eligible),Capital One,United States,Software Development,$161k - 184k USD,"Part Time, Internship, Full Time",,https://dailyremote.com//remote-job/senior-data-engineer-remote-eligible-2955880,2w
Manager Engineering (Remote),Vericast,United States,Software Development,,Full Time,,https://dailyremote.com//remote-job/manager-engineering-remote-2955722,2w
Senior Data Engineer (Remote Eligible),Capital One,United States,Software Development,$161k - 184k USD,"Part Time, Internship, Full Time",,https://dailyremote.com//remote-job/senior-data-engineer-remote-eligible-2955671,2w
Remote Senior Embedded Software Engineer,SEAKR Engineering,United States,Software Development,,Full Time,,https://dailyremote.com//remote-job/remote-senior-embedded-software-engineer-2955648,2w
Sr. Data Scientist - Adtech/Identity (Remote),Experian,United States,Software Development,,Full Time,,https://dailyremote.com//remote-job/sr-data-scientist-adtech-identity-remote-2955644,2w
Engineering Manager - 100% Remote (Americas),EVB,United States,Software Development,,Full Time,,https://dailyremote.com//remote-job/engineering-manager-100-remote-americas-2955647,2w
Lead Full Stack Engineer $140K-160K + Remote + Bonus Industry Leading EdTech Company,PhillyTech.Co,United States,Software Development,$140k - 160k USD,Full Time,,https://dailyremote.com//remote-job/lead-full-stack-engineer-140-k-160-k-remote-bonus-industry-leading-ed-tech-company-2955650,2w
Lead Product Software Engineer - (Remote) UI / Front End Development Lead - Angular,Wolters Kluwer N.V.,United States,Software Development,,Full Time,,https://dailyremote.com//remote-job/lead-product-software-engineer-remote-ui-front-end-development-lead-angular-2955620,2w
"Senior Manager, Software Engineering, Back End (Remote Eligible)",Capital One,United States,Software Development,$230k - 262k USD,"Part Time, Internship, Full Time",,https://dailyremote.com//remote-job/senior-manager-software-engineering-back-end-remote-eligible-2955501,2w
Senior Data Engineer (Remote Eligible),Capital One,United States,Software Development,$161k - 184k USD,"Part Time, Internship, Full Time",,https://dailyremote.com//remote-job/senior-data-engineer-remote-eligible-2955401,2w
Suppliers Support Specialist,Smartcat,Worldwide,Software Development,,Part Time,,https://dailyremote.com//remote-job/suppliers-support-specialist-2957718,2w
Quality Engineering Manager,Mode Analytics,United States,Software Development,,Full Time,,https://dailyremote.com//remote-job/quality-engineering-manager-2957714,2w
Senior Software Engineer – Testing and Infrastructure (Tock),Squarespace,United States,Software Development,,Full Time,,https://dailyremote.com//remote-job/senior-software-engineer-testing-and-infrastructure-tock-2955389,2w
"Software Engineer, Personalization",MURAL.co,Canada,Software Development,,Full Time,,https://dailyremote.com//remote-job/software-engineer-personalization-2955386,2w
Associate Software Engineer,KAR Global,United States,Software Development,,Full Time,,https://dailyremote.com//remote-job/associate-software-engineer-2955212,2w
"Senior Full Stack Engineer, Fashion Vertical",Whatnot,United States,Software Development,,Full Time,,https://dailyremote.com//remote-job/senior-full-stack-engineer-fashion-vertical-2955213,2w
Senior Software Engineer - Full Stack (Remote Eligible),Capital One,United States,Software Development,$161k - 184k USD,"Part Time, Internship, Full Time",,https://dailyremote.com//remote-job/senior-software-engineer-full-stack-remote-eligible-2955042,2w
Senior Data Engineer,City Year,Worldwide,Software Development,,Full Time,,https://dailyremote.com//remote-job/senior-data-engineer-2957480,2w
Senior Software Engineer,PayNearMe,United States,Software Development,,Full Time,,https://dailyremote.com//remote-job/senior-software-engineer-2954968,2w
Senior Software Quality Engineer,Checkr,United States,Software Development,,Full Time,,https://dailyremote.com//remote-job/senior-software-quality-engineer-2954964,2w
Technical Help Content Writer,Jackrabbit,United States,Software Development,,Full Time,,https://dailyremote.com//remote-job/technical-help-content-writer-2957226,2w
Sr Software Engineer - 100% Remote,"The Provident Search Group, Inc",United States,Software Development,,Full Time,,https://dailyremote.com//remote-job/sr-software-engineer-100-remote-2954845,2w
Principal/Lead Software Engineer (Remote),Epsilon,United States,Software Development,,Full Time,,https://dailyremote.com//remote-job/principal-lead-software-engineer-remote-2954846,2w
Senior Security Engineer - (Remote),TaskRabbit,United States,Software Development,,Full Time,,https://dailyremote.com//remote-job/senior-security-engineer-remote-2954734,2w
Senior Software Engineer (Ruby on Rails) - Payments - (Remote),TaskRabbit,United States,Software Development,,Full Time,,https://dailyremote.com//remote-job/senior-software-engineer-ruby-on-rails-payments-remote-2954732,2w
Principal Software Engineer III,Paylocity,United States,Software Development,,Full Time,,https://dailyremote.com//remote-job/principal-software-engineer-iii-2957034,2w
Frontend Engineer,Wurl,United States,Software Development,,Full Time,,https://dailyremote.com//remote-job/frontend-engineer-2954570,2w
Senior Platform Engineer,Launch Potato,Worldwide,Software Development,,Full Time,,https://dailyremote.com//remote-job/senior-platform-engineer-2954371,2w
Senior Backend Engineer,Superhuman Labs,Canada,Software Development,,Full Time,,https://dailyremote.com//remote-job/senior-backend-engineer-2954369,2w
Frontend Engineer – Infrastructure,Brigit,Worldwide,Software Development,,Full Time,,https://dailyremote.com//remote-job/frontend-engineer-infrastructure-2956901,2w
Senior Software Engineer – Framework,ExtraHop Networks,United States,Software Development,,Full Time,,https://dailyremote.com//remote-job/senior-software-engineer-framework-2956900,2w
Senior Security Engineer,Amazon,United States,Software Development,,Full Time,,https://dailyremote.com//remote-job/senior-security-engineer-2956827,2w
Senior Software Engineer,Mozilla,United States,Software Development,,Full Time,,https://dailyremote.com//remote-job/senior-software-engineer-2956825,2w
Senior Software Engineer,Mozilla,United States,Software Development,,Full Time,,https://dailyremote.com//remote-job/senior-software-engineer-2956825,2w
"Technical Analyst, Data and Technical Operations",Pinterest,United States,Software Development,,Full Time,,https://dailyremote.com//remote-job/technical-analyst-data-and-technical-operations-2954259,2w
Cloud Operations Lead,Chainstack,United States,Software Development,,Full Time,,https://dailyremote.com//remote-job/cloud-operations-lead-2956821,2w
Software Engineer II,Wheel Health,Worldwide,Software Development,,Full Time,,https://dailyremote.com//remote-job/software-engineer-ii-2954254,2w
Hyperledger Fabric Developer,SettleMint,Worldwide,Software Development,,Full Time,,https://dailyremote.com//remote-job/hyperledger-fabric-developer-2956819,2w
Senior Frontend Engineer,Paper Education,Canada,Software Development,,Full Time,,https://dailyremote.com//remote-job/senior-frontend-engineer-2956818,2w
"Lead Software Engineer, Full Stack (Remote - Eligible)",Capital One,United States,Software Development,$197k - 225k USD,"Part Time, Internship, Full Time",,https://dailyremote.com//remote-job/lead-software-engineer-full-stack-remote-eligible-2954117,2w
Lead IOS Engineer,Cars.com,United States,Software Development,,Full Time,,https://dailyremote.com//remote-job/lead-ios-engineer-2956703,2w
"Lead Software Engineer, Full Stack (Remote - Eligible)",Capital One,United States,Software Development,$197k - 225k USD,"Part Time, Internship, Full Time",,https://dailyremote.com//remote-job/lead-software-engineer-full-stack-remote-eligible-2953903,2w
Senior Java Architect - Remote,Bey,United States,Software Development,,Part Time,,https://dailyremote.com//remote-job/senior-java-architect-remote-2953866,2w
Site Reliability Engineering Manager - Linux (Open to Remote),Daxko,United States,Software Development,,Full Time,,https://dailyremote.com//remote-job/site-reliability-engineering-manager-linux-open-to-remote-2953861,2w
"Manager, Software Engineering Capital One Shopping (Remote Eligible)",Capital One,United States,Software Development,$197k - 225k USD,"Part Time, Internship, Full Time",,https://dailyremote.com//remote-job/manager-software-engineering-capital-one-shopping-remote-eligible-2953798,2w
Senior Data Engineer (Remote Eligible),Capital One,United States,Software Development,$161k - 184k USD,"Part Time, Internship, Full Time",,https://dailyremote.com//remote-job/senior-data-engineer-remote-eligible-2953797,2w
Data Warehouse Engineer,American Red Cross,United States,Software Development,,Full Time,,https://dailyremote.com//remote-job/data-warehouse-engineer-2953656,2w
"Distinguished Engineer, Solutions Architect (Remote Eligible)",Capital One,United States,Software Development,$260k - 307k USD,"Part Time, Full Time",,https://dailyremote.com//remote-job/distinguished-engineer-solutions-architect-remote-eligible-2953508,2w
Senior Data Engineer (Remote Eligible),Capital One,United States,Software Development,$161k - 184k USD,"Part Time, Internship, Full Time",,https://dailyremote.com//remote-job/senior-data-engineer-remote-eligible-2953505,2w
"Manager, Software Engineering Capital One Shopping (Remote Eligible)",Capital One,United States,Software Development,$197k - 225k USD,"Part Time, Internship, Full Time",,https://dailyremote.com//remote-job/manager-software-engineering-capital-one-shopping-remote-eligible-2953506,2w
"Principal Associate, Full Stack Engineer (Remote - Eligible)",Capital One,United States,Software Development,$156k - 184k USD,"Part Time, Internship, Full Time",,https://dailyremote.com//remote-job/principal-associate-full-stack-engineer-remote-eligible-2953507,2w
Senior Backend Software Engineer,"Mavan, Inc.",United States,Software Development,,"Part Time, Full Time",,https://dailyremote.com//remote-job/senior-backend-software-engineer-2956047,2w
"Principal Associate, Full Stack Engineer (Remote - Eligible)",Capital One,United States,Software Development,$156k - 184k USD,"Part Time, Internship, Full Time",,https://dailyremote.com//remote-job/principal-associate-full-stack-engineer-remote-eligible-2953395,2w
General Engineering Opening (Remote),Arcules,United States,Software Development,,Full Time,,https://dailyremote.com//remote-job/general-engineering-opening-remote-2953294,2w
"Lead Software Engineer, Full Stack (Remote - Eligible)",Capital One,United States,Software Development,$197k - 225k USD,"Part Time, Internship, Full Time",,https://dailyremote.com//remote-job/lead-software-engineer-full-stack-remote-eligible-2953252,2w
"Lead Software Engineer, Full Stack (Remote - Eligible)",Capital One,United States,Software Development,$197k - 225k USD,"Part Time, Internship, Full Time",,https://dailyremote.com//remote-job/lead-software-engineer-full-stack-remote-eligible-2953104,2w
Site Reliability Engineer (Remote),OpenGov,United States,Software Development,,Full Time,,https://dailyremote.com//remote-job/site-reliability-engineer-remote-2953053,2w
"Lead Software Engineer, Full Stack (Remote - Eligible)",Capital One,United States,Software Development,$197k - 225k USD,"Part Time, Internship, Full Time",,https://dailyremote.com//remote-job/lead-software-engineer-full-stack-remote-eligible-2953030,2w
Senior Data Engineer - Principal Associate (Remote-Eligible),Capital One,United States,Software Development,$156k - 184k USD,"Part Time, Internship, Full Time",,https://dailyremote.com//remote-job/senior-data-engineer-principal-associate-remote-eligible-2953032,2w
"Distinguished Data Engineer, Card Commercialization (Remote Eligible)",Capital One,United States,Software Development,$269k - 307k USD,"Part Time, Full Time",,https://dailyremote.com//remote-job/distinguished-data-engineer-card-commercialization-remote-eligible-2952921,2w
Senior Data Engineer (Remote Eligible),Capital One,United States,Software Development,$161k - 184k USD,"Part Time, Internship, Full Time",,https://dailyremote.com//remote-job/senior-data-engineer-remote-eligible-2952918,2w
"Principal Associate, Full Stack Engineer (Remote - Eligible)",Capital One,United States,Software Development,$156k - 184k USD,"Part Time, Internship, Full Time",,https://dailyremote.com//remote-job/principal-associate-full-stack-engineer-remote-eligible-2952920,2w
"Manager, Data Engineer - Remote",Capital One,United States,Software Development,$190k - 225k USD,"Part Time, Internship, Full Time",,https://dailyremote.com//remote-job/manager-data-engineer-remote-2952922,2w
"Senior Software Engineer, Back End- Data Detection (Remote Eligible)",Capital One,United States,Software Development,$161k - 184k USD,"Part Time, Internship, Full Time",,https://dailyremote.com//remote-job/senior-software-engineer-back-end-data-detection-remote-eligible-2952820,2w
"Senior Platform Engineer, Workday (Remote Eligible)",Capital One,United States,Software Development,$131k - 150k USD,"Part Time, Full Time",,https://dailyremote.com//remote-job/senior-platform-engineer-workday-remote-eligible-2952823,2w
Senior Data Engineer - Principal Associate (Remote-Eligible),Capital One,United States,Software Development,$156k - 184k USD,"Part Time, Internship, Full Time",,https://dailyremote.com//remote-job/senior-data-engineer-principal-associate-remote-eligible-2952822,2w
"Senior Software Engineer, SRE",Sauce Labs,United States,Software Development,,Full Time,,https://dailyremote.com//remote-job/senior-software-engineer-sre-2955211,2w
"Senior Software Engineer, Full Stack","Propel, Inc.",United States,Software Development,,Full Time,,https://dailyremote.com//remote-job/senior-software-engineer-full-stack-2955206,2w
iOS Developer,Restaurant365,Worldwide,Software Development,,Full Time,,https://dailyremote.com//remote-job/i-os-developer-2955201,2w
"Principal Associate, Data Engineer (Remote-Eligible)",Capital One,United States,Software Development,$161k - 184k USD,"Part Time, Internship, Full Time",,https://dailyremote.com//remote-job/principal-associate-data-engineer-remote-eligible-2952760,2w
"Senior MQ Engineer, DevOps (Remote - Eligible)",Capital One,United States,Software Development,$161k - 184k USD,"Part Time, Internship, Full Time",,https://dailyremote.com//remote-job/senior-mq-engineer-dev-ops-remote-eligible-2952761,2w
Senior Software Engineer (Remote),PlayQ,United States,Software Development,,Full Time,,https://dailyremote.com//remote-job/senior-software-engineer-remote-2952486,2w
SENIOR SOFTWARE ENGINEER II (Remote Option ),Nike Deutschland GmbH,United States,Software Development,,Full Time,,https://dailyremote.com//remote-job/senior-software-engineer-ii-remote-option-2952400,2w
"Principal Software Engineer, Front End (Remote Eligible)",Smartsheet,United States,Software Development,,Full Time,,https://dailyremote.com//remote-job/principal-software-engineer-front-end-remote-eligible-2952399,2w
QA Lead,That's No Moon,Worldwide,Software Development,,Full Time,,https://dailyremote.com//remote-job/qa-lead-2954578,2w
QA Lead,That's No Moon,Worldwide,Software Development,,Full Time,,https://dailyremote.com//remote-job/qa-lead-2954578,2w
QA Lead,That's No Moon,Worldwide,Software Development,,Full Time,,https://dailyremote.com//remote-job/qa-lead-2954578,2w
Senior User Experience Researcher,Demandbase,United States,Software Development,,Full Time,,https://dailyremote.com//remote-job/senior-user-experience-researcher-2954576,2w
Senior User Experience Researcher,Demandbase,United States,Software Development,,Full Time,,https://dailyremote.com//remote-job/senior-user-experience-researcher-2954576,2w
Senior User Experience Researcher,Demandbase,United States,Software Development,,Full Time,,https://dailyremote.com//remote-job/senior-user-experience-researcher-2954576,2w
Senior Software Engineer in Test,Squarespace,United States,Software Development,,Full Time,,https://dailyremote.com//remote-job/senior-software-engineer-in-test-2954575,2w
Senior Software Engineer in Test,Squarespace,United States,Software Development,,Full Time,,https://dailyremote.com//remote-job/senior-software-engineer-in-test-2954575,2w
Senior Software Engineer in Test,Squarespace,United States,Software Development,,Full Time,,https://dailyremote.com//remote-job/senior-software-engineer-in-test-2954575,2w
Senior Infrastructure Engineer,Path Mental Health,United States,Software Development,,Full Time,,https://dailyremote.com//remote-job/senior-infrastructure-engineer-2954370,2w
Senior Web Engineer – Gateway,Dick's Sporting Goods,Worldwide,Software Development,,Full Time,,https://dailyremote.com//remote-job/senior-web-engineer-gateway-2954368,2w
Senior Software Engineer,Cotiviti,United States,Software Development,,Full Time,,https://dailyremote.com//remote-job/senior-software-engineer-2954365,2w
Full Stack Microsoft .Net Developer,Voya Financial,United States,Software Development,,"Part Time, Full Time",,https://dailyremote.com//remote-job/full-stack-microsoft-net-developer-2954268,2w
"Senior Data Analyst, Electric Vehicle",WEX,United States,Software Development,,Full Time,,https://dailyremote.com//remote-job/senior-data-analyst-electric-vehicle-2954258,2w
"Staff, Senior Staff Backend Engineer",Scoop Technologies,Worldwide,Software Development,,Full Time,,https://dailyremote.com//remote-job/staff-senior-staff-backend-engineer-2954252,2w
"Senior Engineer, Backend",Stash Financial,United States,Software Development,,Full Time,,https://dailyremote.com//remote-job/senior-engineer-backend-2954253,2w
IBM MAINFRAME z/VM SECURITY SPECIALIST (Remote),"Purisolve, Inc.",United States,Software Development,,Full Time,,https://dailyremote.com//remote-job/ibm-mainframe-z-vm-security-specialist-remote-2951815,2w
Solutions Engineer,Liberty Mutual,United States,Software Development,,Full Time,,https://dailyremote.com//remote-job/solutions-engineer-2953875,3w
Staff Business Data Analyst (Remote U.S. OK),Zscaler,United States,Software Development,,Full Time,,https://dailyremote.com//remote-job/staff-business-data-analyst-remote-u-s-ok-2951577,3w
MS APPLICATION SYSTEM ANALYST III - OpTime/Anesthesia (Remote),University of Maryland Medical System,United States,Software Development,,Full Time,,https://dailyremote.com//remote-job/ms-application-system-analyst-iii-op-time-anesthesia-remote-2951581,3w
REMOTE DevOps Manager Python AWS Finance Trading New York,Joseph Harry Ltd,United States,Software Development,,Full Time,,https://dailyremote.com//remote-job/remote-dev-ops-manager-python-aws-finance-trading-new-york-2951368,3w
Senior Software Engineer – Front End,Smartsheet,United States,Software Development,,Full Time,,https://dailyremote.com//remote-job/senior-software-engineer-front-end-2951315,3w
REMOTE SRE Manager DevOps Jenkins Python Finance New York,Joseph Harry Ltd,United States,Software Development,,Full Time,,https://dailyremote.com//remote-job/remote-sre-manager-dev-ops-jenkins-python-finance-new-york-2951235,3w
REMOTE SRE Manager DevOps AWS Python Finance New York,Joseph Harry Ltd,United States,Software Development,,Full Time,,https://dailyremote.com//remote-job/remote-sre-manager-dev-ops-aws-python-finance-new-york-2951056,3w
Customer Success Support Specialist,Locus Robotics,Worldwide,Software Development,,Full Time,,https://dailyremote.com//remote-job/customer-success-support-specialist-2953370,3w
REMOTE DevOps Manager Python AWS Finance Trading New York,Joseph Harry Ltd,United States,Software Development,,Full Time,,https://dailyremote.com//remote-job/remote-dev-ops-manager-python-aws-finance-trading-new-york-2950957,3w
QA Engineer II,Captiv8,Worldwide,Software Development,,Full Time,,https://dailyremote.com//remote-job/qa-engineer-ii-2950830,3w
Implementation Engineer,Gravitational,United States,Software Development,,Full Time,,https://dailyremote.com//remote-job/implementation-engineer-2953212,3w
Senior Performance Test Engineer,UPS - United Parcel Service,Worldwide,Software Development,,Full Time,,https://dailyremote.com//remote-job/senior-performance-test-engineer-2953070,3w
"Sales District Manager: Security Systems, Northern Texas (Remote)",Bosch Group,United States,Software Development,,Full Time,,https://dailyremote.com//remote-job/sales-district-manager-security-systems-northern-texas-remote-2950591,3w
Backend C# Developer - REMOTE EST,Veeam Software,United States,Software Development,,Full Time,,https://dailyremote.com//remote-job/backend-c-developer-remote-est-2950582,3w
Senior Systems Engineer (USA Remote),Jobs for Humanity,United States,Software Development,,Full Time,,https://dailyremote.com//remote-job/senior-systems-engineer-usa-remote-2950594,3w
Technical Writer,OppFi,"Worldwide, Worldwide",Software Development,,Full Time,,https://dailyremote.com//remote-job/technical-writer-2952707,3w
"Data Architect, Internal IT (Remote in US)",Resultant,United States,Software Development,,Internship,,https://dailyremote.com//remote-job/data-architect-internal-it-remote-in-us-2949580,3w
"Associate Manager, Strategy and Operations CPG Ads",DoorDash,"United States, United States",Software Development,,Full Time,,https://dailyremote.com//remote-job/associate-manager-strategy-and-operations-cpg-ads-2952196,3w
"Associate Manager, Strategy and Operations CPG Ads",DoorDash,"United States, United States",Software Development,,Full Time,,https://dailyremote.com//remote-job/associate-manager-strategy-and-operations-cpg-ads-2952196,3w
"Senior Full Stack Engineer, Ads Measurement",Reddit,United States,Software Development,,Full Time,,https://dailyremote.com//remote-job/senior-full-stack-engineer-ads-measurement-2952191,3w
Senior Systems Engineer (USA Remote),"Turnitin, LLC",United States,Software Development,,Full Time,,https://dailyremote.com//remote-job/senior-systems-engineer-usa-remote-2949149,3w
Senior Systems Engineer (USA Remote),"Turnitin, LLC",United States,Software Development,,Full Time,,https://dailyremote.com//remote-job/senior-systems-engineer-usa-remote-2949034,3w
Senior Product Designer / N.Rich,N.Rich,United States,Software Development,,Full Time,,https://dailyremote.com//remote-job/senior-product-designer-n-rich-2948990,3w
Technical Support Specialist,Seamless AI,United States,Software Development,,Full Time,,https://dailyremote.com//remote-job/technical-support-specialist-2951831,3w
"Senior Software Engineer, Android",Babylist,United States,Software Development,,Full Time,,https://dailyremote.com//remote-job/senior-software-engineer-android-2951830,3w
"Senior/Lead Software Engineer, Network Systems (Austin TX or 100% Remote)",Arista Networks,United States,Software Development,,Full Time,,https://dailyremote.com//remote-job/senior-lead-software-engineer-network-systems-austin-tx-or-100-remote-2948916,3w
Senior Systems Engineer (USA Remote),"Turnitin, LLC",United States,Software Development,,Full Time,,https://dailyremote.com//remote-job/senior-systems-engineer-usa-remote-2948915,3w
Senior Systems Engineer (USA Remote),"Turnitin, LLC",United States,Software Development,,Full Time,,https://dailyremote.com//remote-job/senior-systems-engineer-usa-remote-2948670,3w
Principal Software Engineer (USA Remote),Jobs for Humanity,United States,Software Development,,Full Time,,https://dailyremote.com//remote-job/principal-software-engineer-usa-remote-2948672,3w
Programmer Analyst II (Systematics IM Programmer) - (Remote - US),Jobs for Humanity,United States,Software Development,,Full Time,,https://dailyremote.com//remote-job/programmer-analyst-ii-systematics-im-programmer-remote-us-2948577,3w
"Senior/Lead Software Engineer, Packet Forwarding (Austin TX or Remote)",Arista Networks,United States,Software Development,,Full Time,,https://dailyremote.com//remote-job/senior-lead-software-engineer-packet-forwarding-austin-tx-or-remote-2948570,3w
Senior Systems Engineer (USA Remote),"Turnitin, LLC",United States,Software Development,,Full Time,,https://dailyremote.com//remote-job/senior-systems-engineer-usa-remote-2948568,3w
MSP System Engineer (Partial Remote),Bowman Williams,United States,Software Development,,Full Time,,https://dailyremote.com//remote-job/msp-system-engineer-partial-remote-2948538,3w
"Director I, Data Science (remote)",Liberty Mutual Insurance,United States,Software Development,,Full Time,,https://dailyremote.com//remote-job/director-i-data-science-remote-2948443,3w
NetSuite Solution Director - Remote,Mount Prospect,United States,Software Development,,Full Time,,https://dailyremote.com//remote-job/net-suite-solution-director-remote-2948444,3w
MSP System Engineer (Partial Remote),Bowman Williams,United States,Software Development,,Full Time,,https://dailyremote.com//remote-job/msp-system-engineer-partial-remote-2948440,3w
Data Scientist,MyFitnessPal,United States,Software Development,,Full Time,,https://dailyremote.com//remote-job/data-scientist-2948287,3w
Senior IT Systems Administrator,Higher Logic,United States,Software Development,,Full Time,,https://dailyremote.com//remote-job/senior-it-systems-administrator-2948288,3w
Front-End Engineer,Timescale,Worldwide,Software Development,,Full Time,,https://dailyremote.com//remote-job/front-end-engineer-2948282,3w
Senior Software Engineer,Bevy Labs,United States,Software Development,,Full Time,,https://dailyremote.com//remote-job/senior-software-engineer-2951316,3w
Software Engineer,ActBlue,United States,Software Development,,Full Time,,https://dailyremote.com//remote-job/software-engineer-2951170,3w
"Senior Software Engineer, Ruby",Beyond Finance,"United States, United States",Software Development,,Full Time,,https://dailyremote.com//remote-job/senior-software-engineer-ruby-2951166,3w
Quality Assurance Auditor,Labcorp,United States,Software Development,,"Part Time, Full Time",,https://dailyremote.com//remote-job/quality-assurance-auditor-2948070,3w
Quality Assurance Specialist,OneSource Virtual,United States,Software Development,,Full Time,,https://dailyremote.com//remote-job/quality-assurance-specialist-2948069,3w
Senior Backend Developer – Node,Bitfinex,Worldwide,Software Development,,Full Time,,https://dailyremote.com//remote-job/senior-backend-developer-node-2951164,3w
Senior Software Engineer I,2U,United States,Software Development,,Full Time,,https://dailyremote.com//remote-job/senior-software-engineer-i-2950979,3w
Gameplay Programmer,Counterplay Games,Worldwide,Software Development,,Full Time,,https://dailyremote.com//remote-job/gameplay-programmer-2947946,3w
Data Engineer,Cars.com,United States,Software Development,,Full Time,,https://dailyremote.com//remote-job/data-engineer-2950973,3w
Senior Data and Workforce Analyst,Snapsheet,Worldwide,Software Development,,Full Time,,https://dailyremote.com//remote-job/senior-data-and-workforce-analyst-2950974,3w
Remote Principal Backend Software Engineer (GCP),ClientSolv Technologies,United States,Software Development,,Full Time,,https://dailyremote.com//remote-job/remote-principal-backend-software-engineer-gcp-2947833,3w
Customer Support Representative,Smartsheet,United States,Software Development,,Full Time,,https://dailyremote.com//remote-job/customer-support-representative-2947758,3w
QA Analyst,Wealthbox,Worldwide,Software Development,,Full Time,,https://dailyremote.com//remote-job/qa-analyst-2947754,3w
Cyber Security Automation Engineer,Leidos,United States,Software Development,,Full Time,,https://dailyremote.com//remote-job/cyber-security-automation-engineer-2950827,3w
.NET Solutions Architect,American Red Cross,United States,Software Development,,Full Time,,https://dailyremote.com//remote-job/net-solutions-architect-2950824,3w
Senior Engineering Director REQ001077 Remote,Mississippi Department of Employment Security,United States,Software Development,,Full Time,,https://dailyremote.com//remote-job/senior-engineering-director-req-001077-remote-2947633,3w
Remote Principal Backend Software Engineer (GCP),ClientSolv Technologies,United States,Software Development,,Full Time,,https://dailyremote.com//remote-job/remote-principal-backend-software-engineer-gcp-2947571,3w
Sr. Engineer- Microsoft Azure Cloud (Remote),California Closets Corporate,United States,Software Development,,Full Time,,https://dailyremote.com//remote-job/sr-engineer-microsoft-azure-cloud-remote-2947570,3w
Senior Engineering Director REQ001077 Remote,Mississippi Department of Employment Security,United States,Software Development,,Full Time,,https://dailyremote.com//remote-job/senior-engineering-director-req-001077-remote-2947478,3w
Application Design Specialist - Security / Sales Engineer (Remote),Bosch Group,United States,Software Development,,Full Time,,https://dailyremote.com//remote-job/application-design-specialist-security-sales-engineer-remote-2947475,3w
Sr. Network Engineer (Remote),California Closets Corporate,United States,Software Development,,Full Time,,https://dailyremote.com//remote-job/sr-network-engineer-remote-2947433,3w
Remote Principal Backend Software Engineer (GCP),ClientSolv Technologies,United States,Software Development,,Full Time,,https://dailyremote.com//remote-job/remote-principal-backend-software-engineer-gcp-2947431,3w
Customer Onboarding Specialist,Affinitiv,Worldwide,Software Development,,Full Time,,https://dailyremote.com//remote-job/customer-onboarding-specialist-2946968,3w
"Associate Director, Advanced Analytics",AT&T,United States,Software Development,,Full Time,,https://dailyremote.com//remote-job/associate-director-advanced-analytics-2949984,3w
Senior Software Engineer – Cloud Images,Canonical,Worldwide,Software Development,,Full Time,,https://dailyremote.com//remote-job/senior-software-engineer-cloud-images-2949982,3w
Senior Python Engineer,Enova International,Worldwide,Software Development,,Full Time,,https://dailyremote.com//remote-job/senior-python-engineer-2949981,3w
Site Reliability Engineering Manager,Path Mental Health,United States,Software Development,,Full Time,,https://dailyremote.com//remote-job/site-reliability-engineering-manager-2946679,3w
IT Security Administrator,"League, Inc.",Canada,Software Development,,Full Time,,https://dailyremote.com//remote-job/it-security-administrator-2946678,3w
Remote Machine Learning Ops Engineer,First American Financial Corp.,United States,Software Development,,Full Time,,https://dailyremote.com//remote-job/remote-machine-learning-ops-engineer-2946513,3w
Machine Learning Engineer (Remote),NeuroTech X,United States,Software Development,,Full Time,,https://dailyremote.com//remote-job/machine-learning-engineer-remote-2946512,3w
"Senior Software Backend Engineer, Inspection",Clari,"United States, United States, United States",Software Development,,Full Time,,https://dailyremote.com//remote-job/senior-software-backend-engineer-inspection-2949292,3w
Scrum Master - ETL (Remote),"Latitude, Inc.",United States,Software Development,,Full Time,,https://dailyremote.com//remote-job/scrum-master-etl-remote-2946221,3w
AWS Security Engineer,Pearson,"United States, United States",Software Development,,Full Time,,https://dailyremote.com//remote-job/aws-security-engineer-2948989,3w
Site Reliability Engineer,Poll Everywhere,United States,Software Development,,Full Time,,https://dailyremote.com//remote-job/site-reliability-engineer-2948986,3w
Cloud Security Engineer,DoorDash,United States,Software Development,,Full Time,,https://dailyremote.com//remote-job/cloud-security-engineer-2945943,3w
"Staff Frontend Engineer, Growth",Webflow,Canada,Software Development,,Full Time,,https://dailyremote.com//remote-job/staff-frontend-engineer-growth-2948983,3w
Support Engineer,UPS - United Parcel Service,Worldwide,Software Development,,Full Time,,https://dailyremote.com//remote-job/support-engineer-2948823,3w
"Principal Engineer, Web Platform",Reddit,United States,Software Development,,Full Time,,https://dailyremote.com//remote-job/principal-engineer-web-platform-2948815,3w
Implementation Specialist,Remind,United States,Software Development,,Full Time,,https://dailyremote.com//remote-job/implementation-specialist-2948814,3w
Customer Support Engineer,Blackthorn.io,United States,Software Development,,Full Time,,https://dailyremote.com//remote-job/customer-support-engineer-2948284,3w
Senior Software Engineer,UpKeep,United States,Software Development,,Full Time,,https://dailyremote.com//remote-job/senior-software-engineer-2948283,3w
Javascript-PHP Engineer,Age Of Learning,United States,Software Development,,Full Time,,https://dailyremote.com//remote-job/javascript-php-engineer-2948066,3w
Senior Full Stack Engineer,Arena Group,United States,Software Development,,Full Time,,https://dailyremote.com//remote-job/senior-full-stack-engineer-2947945,3w
Technical Writer,Scopic Software,Worldwide,Software Development,,Full Time,,https://dailyremote.com//remote-job/technical-writer-2944243,4w
"Senior Software Engineer, Ruby-Rails",Red Canary,Worldwide,Software Development,,Full Time,,https://dailyremote.com//remote-job/senior-software-engineer-ruby-rails-2944241,4w
"Senior Software Engineer, Ruby on Rails",Two Barrels,Worldwide,Software Development,,Full Time,,https://dailyremote.com//remote-job/senior-software-engineer-ruby-on-rails-2944240,4w
"Quality Assurance Manager, Audit",Medable,Worldwide,Software Development,,Full Time,,https://dailyremote.com//remote-job/quality-assurance-manager-audit-2946839,4w
Software Quality Engineer II – QA,ExtraHop Networks,United States,Software Development,,Full Time,,https://dailyremote.com//remote-job/software-quality-engineer-ii-qa-2944083,4w
Workday Configuration Analyst – Payroll,KnowBe4,United States,Software Development,,Full Time,,https://dailyremote.com//remote-job/workday-configuration-analyst-payroll-2946677,4w
Senior Staff Backend Engineer,mParticle,Canada,Software Development,,Full Time,,https://dailyremote.com//remote-job/senior-staff-backend-engineer-2944073,4w
